BHVP_703983_001.jpg:       ,JPEG image data,  resolution (DPI), density 300x300, 1622x2494,
BHVP_703983_002.jpg:       ,JPEG image data,  resolution (DPI), density 300x300, 1558x2542,
BHVP_703983_003.jpg:       ,JPEG image data,  resolution (DPI), density 300x300, 1631x2542,
BHVP_703983_004.jpg:       ,JPEG image data,  resolution (DPI), density 300x300, 1432x2593,
BHVP_703983_005.jpg:       ,JPEG image data,  resolution (DPI), density 300x300, 1608x2543,
BHVP_703983_006.jpg:       ,JPEG image data,  resolution (DPI), density 300x300, 1587x2540,
BHVP_703983_007.jpg:       ,JPEG image data,  resolution (DPI), density 300x300, 1597x2540,
BHVP_703983_008.jpg:       ,JPEG image data,  resolution (DPI), density 300x300, 1533x2547,
BHVP_703983_009.jpg:       ,JPEG image data,  resolution (DPI), density 300x300, 1568x2547,
BHVP_703983_010.jpg:       ,JPEG image data,  resolution (DPI), density 300x300, 1407x2526,
BHVP_703983_011.jpg:       ,JPEG image data,  resolution (DPI), density 300x300, 1558x2534,
BHVP_703983_012.jpg:       ,JPEG image data,  resolution (DPI), density 300x300, 1505x2537,
BHVP_703983_013.jpg:       ,JPEG image data,  resolution (DPI), density 300x300, 1572x2537,
BHVP_703983_014.jpg:       ,JPEG image data,  resolution (DPI), density 300x300, 1513x2531,
BHVP_703983_015.jpg:       ,JPEG image data,  resolution (DPI), density 300x300, 1583x2531,
BHVP_703983_016.jpg:       ,JPEG image data,  resolution (DPI), density 300x300, 1519x2506,
BHVP_703983_017.jpg:       ,JPEG image data,  resolution (DPI), density 300x300, 1556x2506,
BHVP_703983_018.jpg:       ,JPEG image data,  resolution (DPI), density 300x300, 1494x2516,
BHVP_703983_019.jpg:       ,JPEG image data,  resolution (DPI), density 300x300, 1566x2516,
BHVP_703983_020.jpg:       ,JPEG image data,  resolution (DPI), density 300x300, 1507x2514,
BHVP_703983_021.jpg:       ,JPEG image data,  resolution (DPI), density 300x300, 1566x2514,
BHVP_703983_022.jpg:       ,JPEG image data,  resolution (DPI), density 300x300, 1507x2509,
BHVP_703983_023.jpg:       ,JPEG image data,  resolution (DPI), density 300x300, 1571x2509,
BHVP_703983_024.jpg:       ,JPEG image data,  resolution (DPI), density 300x300, 1522x2518,
BHVP_703983_025.jpg:       ,JPEG image data,  resolution (DPI), density 300x300, 1578x2518,
BHVP_703983_026.jpg:       ,JPEG image data,  resolution (DPI), density 300x300, 1508x2513,
BHVP_703983_027.jpg:       ,JPEG image data,  resolution (DPI), density 300x300, 1578x2513,
BHVP_703983_028.jpg:       ,JPEG image data,  resolution (DPI), density 300x300, 1493x2517,
BHVP_703983_029.jpg:       ,JPEG image data,  resolution (DPI), density 300x300, 1566x2517,
BHVP_703983_030.jpg:       ,JPEG image data,  resolution (DPI), density 300x300, 1499x2516,
BHVP_703983_031.jpg:       ,JPEG image data,  resolution (DPI), density 300x300, 1571x2516,
BHVP_703983_032.jpg:       ,JPEG image data,  resolution (DPI), density 300x300, 1497x2509,
BHVP_703983_033.jpg:       ,JPEG image data,  resolution (DPI), density 300x300, 1580x2509,
BHVP_703983_034.jpg:       ,JPEG image data,  resolution (DPI), density 300x300, 1505x2518,
BHVP_703983_035.jpg:       ,JPEG image data,  resolution (DPI), density 300x300, 1611x2518,
BHVP_703983_036.jpg:       ,JPEG image data,  resolution (DPI), density 300x300, 1507x2517,
BHVP_703983_037.jpg:       ,JPEG image data,  resolution (DPI), density 300x300, 1614x2517,
BHVP_703983_038.jpg:       ,JPEG image data,  resolution (DPI), density 300x300, 1503x2514,
BHVP_703983_039.jpg:       ,JPEG image data,  resolution (DPI), density 300x300, 1588x2514,
BHVP_703983_040.jpg:       ,JPEG image data,  resolution (DPI), density 300x300, 1531x2514,
BHVP_703983_041.jpg:       ,JPEG image data,  resolution (DPI), density 300x300, 1594x2514,
BHVP_703983_042.jpg:       ,JPEG image data,  resolution (DPI), density 300x300, 1574x2513,
BHVP_703983_043.jpg:       ,JPEG image data,  resolution (DPI), density 300x300, 1593x2513,
BHVP_703983_044.jpg:       ,JPEG image data,  resolution (DPI), density 300x300, 1514x2513,
BHVP_703983_045.jpg:       ,JPEG image data,  resolution (DPI), density 300x300, 1592x2513,
BHVP_703983_046.jpg:       ,JPEG image data,  resolution (DPI), density 300x300, 1514x2521,
BHVP_703983_047.jpg:       ,JPEG image data,  resolution (DPI), density 300x300, 1586x2521,
BHVP_703983_048.jpg:       ,JPEG image data,  resolution (DPI), density 300x300, 1508x2518,
BHVP_703983_049.jpg:       ,JPEG image data,  resolution (DPI), density 300x300, 1594x2518,
BHVP_703983_050.jpg:       ,JPEG image data,  resolution (DPI), density 300x300, 1518x2517,
BHVP_703983_051.jpg:       ,JPEG image data,  resolution (DPI), density 300x300, 1599x2517,
BHVP_703983_052.jpg:       ,JPEG image data,  resolution (DPI), density 300x300, 1544x2523,
BHVP_703983_053.jpg:       ,JPEG image data,  resolution (DPI), density 300x300, 1590x2523,
BHVP_703983_054.jpg:       ,JPEG image data,  resolution (DPI), density 300x300, 1537x2526,
BHVP_703983_055.jpg:       ,JPEG image data,  resolution (DPI), density 300x300, 1588x2526,
BHVP_703983_056.jpg:       ,JPEG image data,  resolution (DPI), density 300x300, 1537x2525,
BHVP_703983_057.jpg:       ,JPEG image data,  resolution (DPI), density 300x300, 1591x2525,
BHVP_703983_058.jpg:       ,JPEG image data,  resolution (DPI), density 300x300, 1569x2523,
BHVP_703983_059.jpg:       ,JPEG image data,  resolution (DPI), density 300x300, 1584x2523,
BHVP_703983_060.jpg:       ,JPEG image data,  resolution (DPI), density 300x300, 1562x2521,
BHVP_703983_061.jpg:       ,JPEG image data,  resolution (DPI), density 300x300, 1577x2521,
BHVP_703983_062.jpg:       ,JPEG image data,  resolution (DPI), density 300x300, 1530x2520,
BHVP_703983_063.jpg:       ,JPEG image data,  resolution (DPI), density 300x300, 1579x2520,
BHVP_703983_064.jpg:       ,JPEG image data,  resolution (DPI), density 300x300, 1547x2516,
BHVP_703983_065.jpg:       ,JPEG image data,  resolution (DPI), density 300x300, 1577x2516,
BHVP_703983_066.jpg:       ,JPEG image data,  resolution (DPI), density 300x300, 1512x2511,
BHVP_703983_067.jpg:       ,JPEG image data,  resolution (DPI), density 300x300, 1576x2511,
BHVP_703983_068.jpg:       ,JPEG image data,  resolution (DPI), density 300x300, 1503x2515,
BHVP_703983_069.jpg:       ,JPEG image data,  resolution (DPI), density 300x300, 1576x2515,
BHVP_703983_070.jpg:       ,JPEG image data,  resolution (DPI), density 300x300, 1546x2519,
BHVP_703983_071.jpg:       ,JPEG image data,  resolution (DPI), density 300x300, 1555x2519,
BHVP_703983_072.jpg:       ,JPEG image data,  resolution (DPI), density 300x300, 1518x2511,
BHVP_703983_073.jpg:       ,JPEG image data,  resolution (DPI), density 300x300, 1570x2511,
BHVP_703983_074.jpg:       ,JPEG image data,  resolution (DPI), density 300x300, 1424x2516,
BHVP_703983_075.jpg:       ,JPEG image data,  resolution (DPI), density 300x300, 1558x2516,
BHVP_703983_076.jpg:       ,JPEG image data,  resolution (DPI), density 300x300, 1374x2493,
BHVP_703983_077.jpg:       ,JPEG image data,  resolution (DPI), density 300x300, 1558x2509,
BHVP_703983_078.jpg:       ,JPEG image data,  resolution (DPI), density 300x300, 1521x2513,
BHVP_703983_079.jpg:       ,JPEG image data,  resolution (DPI), density 300x300, 1558x2513,
BHVP_703983_080.jpg:       ,JPEG image data,  resolution (DPI), density 300x300, 1568x2513,
BHVP_703983_081.jpg:       ,JPEG image data,  resolution (DPI), density 300x300, 1547x2513,
BHVP_703983_082.jpg:       ,JPEG image data,  resolution (DPI), density 300x300, 1348x2526,
BHVP_703983_083.jpg:       ,JPEG image data,  resolution (DPI), density 300x300, 1549x2501,
BHVP_703983_084.jpg:       ,JPEG image data,  resolution (DPI), density 300x300, 1515x2511,
BHVP_703983_085.jpg:       ,JPEG image data,  resolution (DPI), density 300x300, 1549x2511,
BHVP_703983_086.jpg:       ,JPEG image data,  resolution (DPI), density 300x300, 1572x2506,
BHVP_703983_087.jpg:       ,JPEG image data,  resolution (DPI), density 300x300, 1543x2506,
BHVP_703983_088.jpg:       ,JPEG image data,  resolution (DPI), density 300x300, 1482x2509,
BHVP_703983_089.jpg:       ,JPEG image data,  resolution (DPI), density 300x300, 1622x2509,
BHVP_703983_090.jpg:       ,JPEG image data,  resolution (DPI), density 300x300, 1525x2508,
BHVP_703983_091.jpg:       ,JPEG image data,  resolution (DPI), density 300x300, 1571x2508,
BHVP_703983_092.jpg:       ,JPEG image data,  resolution (DPI), density 300x300, 1543x2515,
BHVP_703983_093.jpg:       ,JPEG image data,  resolution (DPI), density 300x300, 1552x2515,
BHVP_703983_094.jpg:       ,JPEG image data,  resolution (DPI), density 300x300, 1531x2515,
BHVP_703983_095.jpg:       ,JPEG image data,  resolution (DPI), density 300x300, 1561x2515,
BHVP_703983_096.jpg:       ,JPEG image data,  resolution (DPI), density 300x300, 1540x2500,
BHVP_703983_097.jpg:       ,JPEG image data,  resolution (DPI), density 300x300, 1561x2500,
BHVP_703983_098.jpg:       ,JPEG image data,  resolution (DPI), density 300x300, 1432x2509,
BHVP_703983_099.jpg:       ,JPEG image data,  resolution (DPI), density 300x300, 1625x2526,
BHVP_703983_100.jpg:       ,JPEG image data,  resolution (DPI), density 300x300, 1584x2519,
BHVP_703983_101.jpg:       ,JPEG image data,  resolution (DPI), density 300x300, 1617x2519,
BHVP_703983_102.jpg:       ,JPEG image data,  resolution (DPI), density 300x300, 1614x2524,
BHVP_703983_103.jpg:       ,JPEG image data,  resolution (DPI), density 300x300, 1619x2524,
BHVP_703983_104.jpg:       ,JPEG image data,  resolution (DPI), density 300x300, 1571x2513,
BHVP_703983_105.jpg:       ,JPEG image data,  resolution (DPI), density 300x300, 1626x2513,
BHVP_703983_106.jpg:       ,JPEG image data,  resolution (DPI), density 300x300, 1572x2517,
BHVP_703983_107.jpg:       ,JPEG image data,  resolution (DPI), density 300x300, 1604x2517,
BHVP_703983_108.jpg:       ,JPEG image data,  resolution (DPI), density 300x300, 1591x2518,
BHVP_703983_109.jpg:       ,JPEG image data,  resolution (DPI), density 300x300, 1583x2476,
BHVP_703983_110.jpg:       ,JPEG image data,  resolution (DPI), density 300x300, 1581x2526,
BHVP_703983_111.jpg:       ,JPEG image data,  resolution (DPI), density 300x300, 1596x2526,
BHVP_703983_112.jpg:       ,JPEG image data,  resolution (DPI), density 300x300, 1571x2527,
BHVP_703983_113.jpg:       ,JPEG image data,  resolution (DPI), density 300x300, 1597x2527,
BHVP_703983_114.jpg:       ,JPEG image data,  resolution (DPI), density 300x300, 1595x2520,
BHVP_703983_115.jpg:       ,JPEG image data,  resolution (DPI), density 300x300, 1594x2520,
BHVP_703983_116.jpg:       ,JPEG image data,  resolution (DPI), density 300x300, 1556x2519,
BHVP_703983_117.jpg:       ,JPEG image data,  resolution (DPI), density 300x300, 1585x2519,
BHVP_703983_118.jpg:       ,JPEG image data,  resolution (DPI), density 300x300, 1557x2523,
BHVP_703983_119.jpg:       ,JPEG image data,  resolution (DPI), density 300x300, 1583x2523,
BHVP_703983_120.jpg:       ,JPEG image data,  resolution (DPI), density 300x300, 1558x2523,
BHVP_703983_121.jpg:       ,JPEG image data,  resolution (DPI), density 300x300, 1597x2523,
BHVP_703983_122.jpg:       ,JPEG image data,  resolution (DPI), density 300x300, 1546x2523,
BHVP_703983_123.jpg:       ,JPEG image data,  resolution (DPI), density 300x300, 1593x2523,
BHVP_703983_124.jpg:       ,JPEG image data,  resolution (DPI), density 300x300, 1539x2522,
BHVP_703983_125.jpg:       ,JPEG image data,  resolution (DPI), density 300x300, 1591x2522,
BHVP_703983_126.jpg:       ,JPEG image data,  resolution (DPI), density 300x300, 1527x2522,
BHVP_703983_127.jpg:       ,JPEG image data,  resolution (DPI), density 300x300, 1592x2522,
BHVP_703983_128.jpg:       ,JPEG image data,  resolution (DPI), density 300x300, 1563x2523,
BHVP_703983_129.jpg:       ,JPEG image data,  resolution (DPI), density 300x300, 1588x2523,
BHVP_703983_130.jpg:       ,JPEG image data,  resolution (DPI), density 300x300, 1533x2526,
BHVP_703983_131.jpg:       ,JPEG image data,  resolution (DPI), density 300x300, 1566x2526,
BHVP_703983_132.jpg:       ,JPEG image data,  resolution (DPI), density 300x300, 1530x2524,
BHVP_703983_133.jpg:       ,JPEG image data,  resolution (DPI), density 300x300, 1554x2524,
BHVP_703983_134.jpg:       ,JPEG image data,  resolution (DPI), density 300x300, 1542x2525,
BHVP_703983_135.jpg:       ,JPEG image data,  resolution (DPI), density 300x300, 1552x2525,
BHVP_703983_136.jpg:       ,JPEG image data,  resolution (DPI), density 300x300, 1539x2524,
BHVP_703983_137.jpg:       ,JPEG image data,  resolution (DPI), density 300x300, 1556x2524,
BHVP_703983_138.jpg:       ,JPEG image data,  resolution (DPI), density 300x300, 1560x2529,
BHVP_703983_139.jpg:       ,JPEG image data,  resolution (DPI), density 300x300, 1537x2529,
BHVP_703983_140.jpg:       ,JPEG image data,  resolution (DPI), density 300x300, 1527x2530,
BHVP_703983_141.jpg:       ,JPEG image data,  resolution (DPI), density 300x300, 1549x2530,
BHVP_703983_142.jpg:       ,JPEG image data,  resolution (DPI), density 300x300, 1532x2526,
BHVP_703983_143.jpg:       ,JPEG image data,  resolution (DPI), density 300x300, 1545x2526,
BHVP_703983_144.jpg:       ,JPEG image data,  resolution (DPI), density 300x300, 1571x2529,
BHVP_703983_161.jpg:       ,JPEG image data,  resolution (DPI), density 300x300, 1565x2529,
BHVP_703983_162.jpg:       ,JPEG image data,  resolution (DPI), density 300x300, 1577x2521,
BHVP_703983_163.jpg:       ,JPEG image data,  resolution (DPI), density 300x300, 1560x2521,
BHVP_703983_164.jpg:       ,JPEG image data,  resolution (DPI), density 300x300, 1569x2520,
BHVP_703983_165.jpg:       ,JPEG image data,  resolution (DPI), density 300x300, 1563x2520,
BHVP_703983_166.jpg:       ,JPEG image data,  resolution (DPI), density 300x300, 1564x2526,
BHVP_703983_167.jpg:       ,JPEG image data,  resolution (DPI), density 300x300, 1569x2526,
BHVP_703983_168.jpg:       ,JPEG image data,  resolution (DPI), density 300x300, 1543x2521,
BHVP_703983_169.jpg:       ,JPEG image data,  resolution (DPI), density 300x300, 1570x2521,
BHVP_703983_170.jpg:       ,JPEG image data,  resolution (DPI), density 300x300, 1540x2519,
BHVP_703983_171.jpg:       ,JPEG image data,  resolution (DPI), density 300x300, 1560x2519,
BHVP_703983_172.jpg:       ,JPEG image data,  resolution (DPI), density 300x300, 1528x2519,
BHVP_703983_173.jpg:       ,JPEG image data,  resolution (DPI), density 300x300, 1559x2519,
BHVP_703983_174.jpg:       ,JPEG image data,  resolution (DPI), density 300x300, 1507x2515,
BHVP_703983_175.jpg:       ,JPEG image data,  resolution (DPI), density 300x300, 1591x2515,
BHVP_703983_176.jpg:       ,JPEG image data,  resolution (DPI), density 300x300, 1510x2508,
BHVP_703983_177.jpg:       ,JPEG image data,  resolution (DPI), density 300x300, 1604x2508,
BHVP_703983_178.jpg:       ,JPEG image data,  resolution (DPI), density 300x300, 1502x2511,
BHVP_703983_179.jpg:       ,JPEG image data,  resolution (DPI), density 300x300, 1610x2511,
BHVP_703983_180.jpg:       ,JPEG image data,  resolution (DPI), density 300x300, 1504x2509,
BHVP_703983_181.jpg:       ,JPEG image data,  resolution (DPI), density 300x300, 1641x2509,
BHVP_703983_182.jpg:       ,JPEG image data,  resolution (DPI), density 300x300, 1590x2531,
BHVP_703983_183.jpg:       ,JPEG image data,  resolution (DPI), density 300x300, 1531x2531,
BHVP_703983_184.jpg:       ,JPEG image data,  resolution (DPI), density 300x300, 1557x2523,
BHVP_703983_185.jpg:       ,JPEG image data,  resolution (DPI), density 300x300, 1570x2523,
BHVP_703983_186.jpg:       ,JPEG image data,  resolution (DPI), density 300x300, 1552x2520,
BHVP_703983_187.jpg:       ,JPEG image data,  resolution (DPI), density 300x300, 1567x2520,
BHVP_703983_188.jpg:       ,JPEG image data,  resolution (DPI), density 300x300, 1568x2519,
BHVP_703983_189.jpg:       ,JPEG image data,  resolution (DPI), density 300x300, 1579x2519,
BHVP_703983_190.jpg:       ,JPEG image data,  resolution (DPI), density 300x300, 1549x2520,
BHVP_703983_191.jpg:       ,JPEG image data,  resolution (DPI), density 300x300, 1573x2520,
BHVP_703983_192.jpg:       ,JPEG image data,  resolution (DPI), density 300x300, 1579x2521,
BHVP_703983_193.jpg:       ,JPEG image data,  resolution (DPI), density 300x300, 1577x2521,
BHVP_703983_194.jpg:       ,JPEG image data,  resolution (DPI), density 300x300, 1585x2518,
BHVP_703983_195.jpg:       ,JPEG image data,  resolution (DPI), density 300x300, 1580x2518,
BHVP_703983_196.jpg:       ,JPEG image data,  resolution (DPI), density 300x300, 1573x2511,
BHVP_703983_197.jpg:       ,JPEG image data,  resolution (DPI), density 300x300, 1592x2511,
BHVP_703983_198.jpg:       ,JPEG image data,  resolution (DPI), density 300x300, 1582x2510,
BHVP_703983_199.jpg:       ,JPEG image data,  resolution (DPI), density 300x300, 1597x2510,
BHVP_703983_200.jpg:       ,JPEG image data,  resolution (DPI), density 300x300, 1588x2512,
BHVP_703983_201.jpg:       ,JPEG image data,  resolution (DPI), density 300x300, 1573x2512,
BHVP_703983_202.jpg:       ,JPEG image data,  resolution (DPI), density 300x300, 1600x2520,
BHVP_703983_203.jpg:       ,JPEG image data,  resolution (DPI), density 300x300, 1617x2520,
BHVP_703983_204.jpg:       ,JPEG image data,  resolution (DPI), density 300x300, 1580x2518,
BHVP_703983_205.jpg:       ,JPEG image data,  resolution (DPI), density 300x300, 1632x2518,
BHVP_703983_206.jpg:       ,JPEG image data,  resolution (DPI), density 300x300, 1596x2522,
BHVP_703983_207.jpg:       ,JPEG image data,  resolution (DPI), density 300x300, 1626x2522,
BHVP_703983_208.jpg:       ,JPEG image data,  resolution (DPI), density 300x300, 1562x2527,
BHVP_703983_209.jpg:       ,JPEG image data,  resolution (DPI), density 300x300, 1619x2527,
BHVP_703983_210.jpg:       ,JPEG image data,  resolution (DPI), density 300x300, 1548x2526,
BHVP_703983_211.jpg:       ,JPEG image data,  resolution (DPI), density 300x300, 1597x2526,
BHVP_703983_212.jpg:       ,JPEG image data,  resolution (DPI), density 300x300, 1592x2526,
BHVP_703983_213.jpg:       ,JPEG image data,  resolution (DPI), density 300x300, 1603x2526,
BHVP_703983_214.jpg:       ,JPEG image data,  resolution (DPI), density 300x300, 1549x2531,
BHVP_703983_215.jpg:       ,JPEG image data,  resolution (DPI), density 300x300, 1611x2531,
BHVP_703983_216.jpg:       ,JPEG image data,  resolution (DPI), density 300x300, 1563x2524,
BHVP_703983_217.jpg:       ,JPEG image data,  resolution (DPI), density 300x300, 1634x2526,
BHVP_703983_218.jpg:       ,JPEG image data,  resolution (DPI), density 300x300, 1562x2539,
BHVP_703983_219.jpg:       ,JPEG image data,  resolution (DPI), density 300x300, 1632x2532,
BHVP_703983_220.jpg:       ,JPEG image data,  resolution (DPI), density 300x300, 1571x2527,
BHVP_703983_221.jpg:       ,JPEG image data,  resolution (DPI), density 300x300, 1608x2527,
BHVP_703983_222.jpg:       ,JPEG image data,  resolution (DPI), density 300x300, 1578x2532,
BHVP_703983_223.jpg:       ,JPEG image data,  resolution (DPI), density 300x300, 1599x2532,
BHVP_703983_224.jpg:       ,JPEG image data,  resolution (DPI), density 300x300, 1575x2484,
BHVP_703983_225.jpg:       ,JPEG image data,  resolution (DPI), density 300x300, 1474x2476,
BHVP_703983_226.jpg:       ,JPEG image data,  resolution (DPI), density 300x300, 1557x2541,
BHVP_703983_227.jpg:       ,JPEG image data,  resolution (DPI), density 300x300, 1576x2541,
BHVP_703983_228.jpg:       ,JPEG image data,  resolution (DPI), density 300x300, 1628x2520,
BHVP_703983_229.jpg:       ,JPEG image data,  resolution (DPI), density 300x300, 1479x2520,
BHVP_703983_230.jpg:       ,JPEG image data,  resolution (DPI), density 300x300, 1559x2535,
BHVP_703983_231.jpg:       ,JPEG image data,  resolution (DPI), density 300x300, 1580x2535,
BHVP_703983_232.jpg:       ,JPEG image data,  resolution (DPI), density 300x300, 1542x2541,
BHVP_703983_233.jpg:       ,JPEG image data,  resolution (DPI), density 300x300, 1573x2541,
BHVP_703983_234.jpg:       ,JPEG image data,  resolution (DPI), density 300x300, 1569x2541,
BHVP_703983_235.jpg:       ,JPEG image data,  resolution (DPI), density 300x300, 1557x2541,
BHVP_703983_236.jpg:       ,JPEG image data,  resolution (DPI), density 300x300, 1568x2547,
BHVP_703983_237.jpg:       ,JPEG image data,  resolution (DPI), density 300x300, 1584x2547,
BHVP_703983_238.jpg:       ,JPEG image data,  resolution (DPI), density 300x300, 1567x2521,
BHVP_703983_239.jpg:       ,JPEG image data,  resolution (DPI), density 300x300, 1572x2521,
BHVP_703983_240.jpg:       ,JPEG image data,  resolution (DPI), density 300x300, 1498x2551,
BHVP_703983_241.jpg:       ,JPEG image data,  resolution (DPI), density 300x300, 1516x2551,
BHVP_703983_242.jpg:       ,JPEG image data,  resolution (DPI), density 300x300, 1541x2536,
BHVP_703983_243.jpg:       ,JPEG image data,  resolution (DPI), density 300x300, 1608x2536,
BHVP_703983_244.jpg:       ,JPEG image data,  resolution (DPI), density 300x300, 1548x2543,
BHVP_703983_245.jpg:       ,JPEG image data,  resolution (DPI), density 300x300, 1616x2543,
BHVP_703983_246.jpg:       ,JPEG image data,  resolution (DPI), density 300x300, 1572x2547,
BHVP_703983_247.jpg:       ,JPEG image data,  resolution (DPI), density 300x300, 1612x2547,
BHVP_703983_248.jpg:       ,JPEG image data,  resolution (DPI), density 300x300, 1575x2567,
BHVP_703983_249.jpg:       ,JPEG image data,  resolution (DPI), density 300x300, 1604x2567,
BHVP_703983_250.jpg:       ,JPEG image data,  resolution (DPI), density 300x300, 1560x2542,
BHVP_703983_251.jpg:       ,JPEG image data,  resolution (DPI), density 300x300, 1570x2542,
BHVP_703983_252.jpg:       ,JPEG image data,  resolution (DPI), density 300x300, 1562x2540,
BHVP_703983_253.jpg:       ,JPEG image data,  resolution (DPI), density 300x300, 1637x2540,
BHVP_703983_254.jpg:       ,JPEG image data,  resolution (DPI), density 300x300, 1600x2528,
BHVP_703983_255.jpg:       ,JPEG image data,  resolution (DPI), density 300x300, 1578x2528,
BHVP_703983_extra_001.jpg: ,JPEG image data,  resolution (DPI), density 300x300, 2094x2903,
BHVP_703983_extra_002.jpg: ,JPEG image data,  resolution (DPI), density 300x300, 2364x3103,
BHVP_703983_extra_003.jpg: ,JPEG image data,  resolution (DPI), density 300x300, 1607x2539,
BHVP_703983_extra_004.jpg: ,JPEG image data,  resolution (DPI), density 300x300, 1604x2539,
BHVP_703983_extra_005.jpg: ,JPEG image data,  resolution (DPI), density 300x300, 1630x2547,
BHVP_703983_extra_006.jpg: ,JPEG image data,  resolution (DPI), density 300x300, 1568x2547,
BHVP_703983_extra_007.jpg: ,JPEG image data,  resolution (DPI), density 300x300, 1952x3078,
