"external_reference_id","person_id"
"1","1"
"7","1"
"4","4"
"7","5"
"4","7"
"5","8"
"4","17"
"1","23"
"1","32"
"3","32"
"7","33"
"4","38"
"5","39"
"3","42"
"1","43"
"4","43"
"4","46"
"5","54"
"4","57"
"4","58"
"4","61"
"4","63"
"1","65"
"4","66"
"4","67"
"4","74"
"3","75"
"4","76"
"4","78"
"4","88"
"4","89"
"3","90"
"4","95"
"6","98"
"4","101"
"1","103"
"4","107"
"1","112"
"4","114"
"4","121"
"1","123"
"4","127"
"3","129"
"4","130"
"4","132"
"1","136"
"7","138"
"5","140"
"4","145"
"4","148"
"4","150"
"4","158"
"1","160"
"4","167"
"4","177"
"4","179"
"4","180"
"3","184"
"3","185"
"7","193"
"1","199"
"4","209"
"4","212"
"1","215"
"1","220"
"8","228"
"4","233"
"4","237"
"4","242"
"4","246"
"4","271"
"4","274"
"1","276"
"1","278"
"7","284"
"7","285"
"7","286"
"3","287"
"8","290"
"8","291"
"7","298"
"4","302"
"7","305"
"1","307"
"3","307"
"4","309"
"4","310"
"7","312"
"1","317"
"3","324"
"7","327"
"4","329"
"7","335"
"5","341"
"4","342"
"4","343"
"4","347"
"3","350"
"8","353"
"5","355"
"8","356"
"4","358"
"4","363"
"4","364"
"7","366"
"3","370"
"4","372"
"3","374"
"3","376"
"7","377"
"7","381"
"3","382"
"3","388"
"1","391"
"3","391"
"1","394"
"7","395"
"4","396"
"4","397"
"3","398"
"3","399"
"1","403"
"8","404"
"4","406"
"4","413"
"4","414"
"4","415"
"1","418"
"3","418"
"5","419"
"4","422"
"1","425"
"7","429"
"4","430"
"1","431"
"7","431"
"6","440"
"1","443"
"7","446"
"1","447"
"3","447"
"7","448"
"3","454"
"4","463"
"4","464"
"1","465"
"3","465"
"8","471"
"4","478"
"6","479"
"7","488"
"4","493"
"8","496"
"7","507"
"6","508"
"4","510"
"4","512"
"1","513"
"3","513"
"1","516"
"3","516"
"4","522"
"7","524"
"1","537"
"3","537"
"7","538"
"1","545"
"3","545"
"6","550"
"4","552"
"4","561"
"4","567"
"8","568"
"7","570"
"1","571"
"4","573"
"1","575"
"3","575"
"7","580"
"1","581"
"3","581"
"3","583"
"3","585"
"8","586"
"1","587"
"7","589"
"4","591"
"3","596"
"4","597"
"4","599"
"1","600"
"4","600"
"1","602"
"3","602"
"4","604"
"3","605"
"8","607"
"4","612"
"7","613"
"4","619"
"6","620"
"4","625"
"4","632"
"4","635"
"7","637"
"5","638"
"4","639"
"4","640"
"4","644"
"4","645"
"3","646"
"5","647"
"5","649"
"1","654"
"4","660"
"5","661"
"4","662"
"8","663"
"4","666"
"7","667"
"4","670"
"4","674"
"1","680"
"7","682"
"1","688"
"3","688"
"4","694"
"4","697"
"4","703"
"1","707"
"4","710"
"4","712"
"1","715"
"8","716"
"1","717"
"8","724"
"1","725"
"3","726"
"6","728"
"4","732"
"4","733"
"4","734"
"1","741"
"1","743"
"3","745"
"3","755"
"5","756"
"4","766"
"6","769"
"1","770"
"4","774"
"3","777"
"4","779"
"1","780"
"5","782"
"4","783"
"4","794"
"4","801"
"6","802"
"4","805"
"3","807"
"4","808"
"4","809"
"7","810"
"4","815"
"4","819"
"4","820"
"5","831"
"7","833"
"8","834"
"4","835"
"4","848"
"4","849"
"8","851"
"4","855"
"4","857"
"4","863"
"7","873"
"4","874"
"7","876"
"4","878"
"4","881"
"4","882"
"4","891"
"4","894"
"4","897"
"5","898"
"4","902"
"1","906"
"3","906"
"3","907"
"4","911"
"4","913"
"4","914"
"5","916"
"1","917"
"7","917"
"4","918"
"4","924"
"4","926"
"4","927"
"4","928"
"6","929"
"5","936"
"4","937"
"4","939"
"7","940"
"4","942"
"8","943"
"1","944"
"3","944"
"4","946"
"4","952"
"1","954"
"7","955"
"4","958"
"3","963"
"4","964"
"4","966"
"4","970"
"4","971"
"6","972"
"5","973"
"4","976"
"4","977"
"4","980"
"4","981"
"4","989"
"4","992"
"4","994"
"1","1004"
"4","1004"
"8","1006"
"8","1008"
"3","1010"
"5","1014"
"3","1015"
"4","1017"
"4","1021"
"4","1025"
"7","1028"
"7","1037"
"4","1038"
"4","1040"
"4","1042"
"4","1049"
"4","1051"
"7","1058"
"4","1060"
"3","1062"
"3","1068"
"7","1069"
"4","1079"
"7","1083"
"4","1084"
"1","1087"
"3","1087"
"4","1088"
"4","1097"
"4","1098"
"4","1102"
"5","1104"
"4","1113"
"8","1114"
"4","1116"
"4","1117"
"4","1123"
"4","1124"
"4","1125"
"5","1129"
"5","1130"
"1","1132"
"4","1137"
"4","1138"
"5","1140"
"5","1141"
"4","1142"
"8","1144"
"4","1145"
"4","1146"
"4","1148"
"4","1150"
"4","1152"
"4","1154"
"8","1155"
"1","1156"
"6","1156"
"4","1157"
"4","1163"
"4","1166"
"4","1168"
"5","1170"
"4","1171"
"4","1173"
"4","1184"
"4","1186"
"4","1187"
"4","1189"
"5","1191"
"4","1197"
"4","1201"
"5","1205"
"5","1206"
"4","1212"
"4","1214"
"1","1216"
"4","1218"
"4","1223"
"4","1230"
"4","1231"
"8","1235"
"4","1241"
"4","1243"
"7","1244"
"7","1247"
"5","1251"
"4","1259"
"3","1260"
"4","1263"
"5","1267"
"4","1270"
"4","1272"
"8","1275"
"4","1286"
"4","1289"
"4","1291"
"8","1292"
"7","1294"
"4","1301"
"4","1311"
"4","1326"
"1","1330"
"8","1331"
"4","1334"
"4","1342"
"4","1344"
"4","1345"
"8","1348"
"4","1351"
"4","1355"
"4","1363"
"8","1364"
"4","1365"
"5","1366"
"4","1370"
"4","1371"
"5","1373"
"4","1374"
"1","1375"
"8","1375"
"4","1377"
"4","1381"
"4","1385"
"4","1387"
"4","1388"
"4","1390"
"1","1391"
"4","1393"
"4","1394"
"4","1395"
"4","1397"
"4","1399"
"4","1400"
"4","1401"
"4","1403"
"1","1407"
"4","1409"
"4","1410"
"1","1412"
"4","1414"
"4","1420"
"4","1421"
"4","1422"
"4","1432"
"4","1433"
"7","1434"
"4","1438"
"4","1444"
"4","1448"
"4","1450"
"4","1462"
"4","1469"
"4","1475"
"4","1477"
"4","1478"
"8","1479"
"4","1480"
"5","1483"
"4","1486"
"4","1488"
"4","1493"
"4","1496"
"4","1498"
"1","1499"
"5","1500"
"4","1501"
"1","1507"
"4","1508"
"4","1509"
"4","1511"
"8","1514"
"1","1523"
"3","1523"
"1","1526"
"1","1527"
"1","1529"
"7","1532"
"8","1538"
"4","1540"
"5","1542"
"4","1550"
"4","1551"
"4","1554"
"3","1555"
"4","1556"
"7","1557"
"4","1566"
"4","1569"
"4","1570"
"4","1571"
"1","1572"
"5","1573"
"3","1575"
"4","1578"
"4","1588"
"4","1589"
"7","1596"
"4","1597"
"4","1602"
"4","1603"
"5","1604"
"4","1619"
"4","1621"
"1","1625"
"8","1626"
"4","1630"
"1","1631"
"3","1631"
"4","1634"
"4","1642"
"1","1644"
"4","1645"
"4","1650"
"4","1655"
"4","1656"
"4","1660"
"4","1661"
"7","1662"
"4","1664"
"4","1667"
"4","1671"
"8","1674"
"4","1676"
"4","1681"
"4","1682"
"5","1683"
"7","1686"
"4","1688"
"5","1692"
"4","1694"
"4","1696"
"5","1705"
"3","1708"
"1","1713"
"1","1716"
"3","1716"
"5","1718"
"4","1724"
"4","1726"
"4","1727"
"4","1729"
"1","1731"
"7","1735"
"4","1741"
"4","1743"
"4","1749"
"4","1750"
"4","1754"
"4","1755"
"4","1761"
"4","1762"
"4","1763"
"4","1764"
"4","1765"
"4","1771"
"4","1775"
"4","1778"
"4","1782"
"4","1783"
"1","1784"
"4","1784"
"3","1785"
"1","1787"
"4","1789"
"4","1791"
"5","1793"
"4","1800"
"4","1801"
"4","1802"
"4","1803"
"5","1805"
"4","1807"
"4","1808"
"4","1810"
"4","1811"
"4","1812"
"4","1813"
"1","1816"
"4","1816"
"1","1817"
"4","1818"
"4","1820"
"4","1822"
"4","1824"
"4","1826"
"4","1828"
"4","1829"
"4","1832"
"4","1833"
"4","1834"
"4","1835"
"4","1836"
"4","1838"
"4","1841"
"4","1844"
"1","1848"
"4","1848"
"4","1851"
"4","1855"
"4","1860"
"4","1862"
"4","1863"
"4","1864"
"4","1865"
"4","1870"
"7","1880"
"4","1882"
"4","1883"
"4","1884"
"4","1885"
"4","1886"
"4","1888"
"4","1890"
"4","1891"
"4","1892"
"4","1893"
"4","1894"
"4","1895"
"4","1896"
"4","1898"
"4","1900"
"4","1902"
"4","1906"
"8","1908"
"4","1910"
"4","1914"
"4","1916"
"4","1917"
"4","1919"
"4","1923"
"4","1924"
"4","1930"
"4","1932"
"4","1933"
"4","1935"
"4","1937"
"4","1938"
"4","1944"
"4","1945"
"4","1946"
"4","1947"
"4","1948"
"4","1952"
"4","1956"
"5","1958"
"4","1960"
"4","1964"
"4","1965"
"4","1966"
"4","1969"
"4","1971"
"4","1973"
"4","1975"
"4","1976"
"4","1978"
"4","1979"
"5","1981"
"6","1984"
"4","1987"
"4","1988"
"4","1990"
"4","1991"
"1","1992"
"7","1994"
"4","1998"
"4","2003"
"4","2010"
"4","2015"
"4","2016"
"4","2021"
"4","2027"
"4","2030"
"5","2036"
"4","2037"
"4","2040"
"4","2044"
"4","2047"
"4","2049"
"4","2050"
"4","2051"
"4","2053"
"4","2054"
"4","2055"
"4","2056"
"4","2058"
"4","2059"
"4","2062"
"4","2063"
"4","2064"
"4","2065"
"4","2066"
"4","2067"
"4","2069"
"4","2071"
"4","2072"
"4","2075"
"4","2078"
"4","2081"
"3","2082"
"4","2083"
"5","2085"
"4","2086"
"4","2087"
"4","2089"
"4","2090"
"4","2091"
"4","2092"
"4","2093"
"4","2100"
"4","2102"
"4","2105"
"4","2107"
"4","2108"
"4","2110"
"4","2111"
"4","2115"
"4","2117"
"4","2120"
"4","2122"
"4","2123"
"4","2125"
"4","2127"
"4","2128"
"4","2133"
"4","2134"
"1","2136"
"4","2138"
"4","2139"
"4","2140"
"7","2141"
"4","2156"
"4","2157"
"4","2159"
"3","2160"
"5","2163"
"4","2165"
"4","2168"
"4","2169"
"4","2173"
"5","2176"
"4","2181"
"4","2188"
"4","2193"
"4","2195"
"1","2199"
"3","2209"
"4","2215"
"4","2217"
"4","2229"
"1","2231"
"4","2232"
"4","2235"
"4","2236"
"5","2237"
"5","2240"
"4","2241"
"4","2248"
"4","2253"
"4","2254"
"4","2255"
"4","2259"
"4","2264"
"4","2265"
"4","2268"
"4","2269"
"4","2270"
"4","2271"
"4","2272"
"4","2274"
"4","2277"
"4","2278"
"4","2284"
"1","2285"
"5","2286"
"4","2287"
"4","2302"
"4","2310"
"4","2314"
"7","2317"
"4","2323"
"4","2326"
"4","2327"
"4","2328"
"4","2330"
"8","2331"
"4","2333"
"4","2334"
"4","2335"
"1","2343"
"4","2349"
"4","2358"
"4","2367"
"4","2379"
"4","2380"
"4","2386"
"4","2392"
"4","2395"
"4","2397"
"4","2399"
"4","2401"
"4","2404"
"4","2405"
"4","2406"
"4","2408"
"4","2409"
"4","2411"
"4","2415"
"4","2421"
"4","2424"
"4","2427"
"4","2430"
"4","2434"
"3","2435"
"4","2440"
"4","2442"
"1","2443"
"4","2443"
"4","2453"
"4","2457"
"4","2458"
"4","2462"
"4","2463"
"4","2464"
"4","2468"
"4","2474"
"4","2475"
"4","2478"
"4","2482"
"4","2483"
"4","2486"
"4","2487"
"4","2491"
"3","2496"
"4","2498"
"4","2504"
"4","2509"
"4","2510"
"4","2520"
"4","2521"
"4","2532"
"4","2534"
"7","2545"
"4","2547"
"4","2552"
"4","2554"
"5","2556"
"4","2558"
"1","2560"
"4","2562"
"3","2563"
"4","2573"
"4","2574"
"4","2579"
"4","2585"
"1","2595"
"4","2595"
"4","2597"
"4","2599"
"4","2601"
"4","2603"
"4","2607"
"4","2608"
"4","2619"
"4","2621"
"4","2622"
"4","2624"
"4","2625"
"4","2630"
"4","2633"
"4","2639"
"7","2640"
"4","2650"
"4","2659"
"5","2663"
"4","2673"
"5","2675"
"4","2676"
"4","2679"
"4","2680"
"4","2688"
"4","2689"
"5","2698"
"4","2705"
"4","2708"
"4","2709"
"4","2715"
"4","2728"
"4","2731"
"4","2732"
"4","2733"
"4","2734"
"4","2742"
"4","2744"
"4","2748"
"4","2751"
"4","2755"
"4","2758"
"4","2763"
"3","2766"
"4","2771"
"3","2774"
"4","2779"
"4","2784"
"4","2787"
"4","2795"
"4","2796"
"4","2799"
"5","2802"
"4","2804"
"4","2807"
"4","2808"
"4","2809"
"4","2810"
"5","2811"
"5","2822"
"4","2826"
"4","2832"
"4","2833"
"4","2836"
"4","2840"
"4","2845"
"4","2857"
"4","2858"
"4","2859"
"4","2860"
"4","2869"
"4","2871"
"4","2874"
"4","2877"
"4","2879"
"4","2882"
"4","2894"
"4","2895"
"4","2898"
"4","2899"
"4","2902"
"4","2903"
"4","2907"
"4","2910"
"4","2917"
"4","2918"
"4","2919"
"4","2921"
"4","2922"
"4","2925"
"4","2927"
"4","2930"
"4","2933"
"4","2936"
"7","2938"
"3","2943"
"3","2950"
"4","2952"
"4","2956"
"4","2960"
"4","2961"
"4","2962"
"4","2974"
"4","2975"
"4","2984"
"4","2985"
"4","2986"
"4","2988"
"4","2991"
"4","2999"
"4","3005"
"4","3007"
"4","3008"
"4","3009"
"7","3010"
"4","3012"
"4","3018"
"4","3030"
"4","3031"
"4","3032"
"4","3034"
"4","3037"
"4","3038"
"4","3040"
"4","3041"
"7","3045"
"4","3046"
"4","3047"
"4","3052"
"4","3054"
"4","3055"
"4","3066"
"4","3081"
"5","3083"
"4","3093"
"4","3094"
"4","3108"
"4","3110"
"4","3120"
"5","3122"
"4","3129"
"1","3132"
"4","3145"
"1","3153"
"4","3155"
"5","3165"
"4","3169"
"4","3170"
"1","3175"
"4","3183"
"4","3185"
"4","3186"
"7","3200"
"7","3203"
"4","3204"
"4","3215"
"7","3216"
"3","3230"
"4","3232"
"4","3233"
"4","3236"
"4","3237"
"4","3238"
"6","3243"
"1","3249"
"4","3250"
"4","3252"
"7","3264"
"2","3266"
"4","3270"
"4","3274"
"4","3276"
"4","3280"
"4","3293"
"4","3313"
"1","3314"
"4","3333"
"4","3335"
"4","3336"
"4","3338"
"4","3339"
"4","3341"
"4","3343"
"7","3352"
"4","3362"
"4","3371"
"4","3373"
"4","3391"
"4","3393"
"4","3401"
"4","3416"
"3","3425"
"4","3432"
"4","3441"
"4","3443"
"4","3447"
"4","3467"
"4","3468"
"4","3471"
"8","3474"
"1","3475"
"3","3475"
"3","3476"
"4","3479"
"4","3481"
"4","3491"
"4","3493"
"6","3495"
"4","3497"
"4","3500"
"1","3503"
"4","3505"
"4","3510"
"4","3511"
"3","3513"
"7","3514"
"4","3516"
"4","3526"
"4","3528"
"4","3529"
"4","3530"
"4","3544"
"4","3546"
"3","3549"
"7","3551"
"4","3571"
"1","3573"
"6","3574"
"1","3576"
"3","3577"
"4","3582"
"7","3584"
"7","3585"
"4","3589"
"3","3600"
"4","3604"
"4","3606"
"6","3609"
"4","3615"
"4","3618"
"4","3619"
"4","3626"
"1","3630"
"3","3632"
"1","3634"
"6","3634"
"1","3639"
"6","3639"
"4","3640"
"4","3641"
"4","3654"
"3","3657"
"3","3662"
"4","3663"
"1","3669"
"3","3669"
"1","3671"
"4","3672"
"4","3674"
"4","3688"
"4","3689"
"5","3692"
"4","3696"
"4","3700"
"4","3702"
"1","3703"
"4","3704"
"1","3706"
"1","3712"
"6","3713"
"7","3718"
"3","3721"
"3","3724"
"1","3726"
"6","3726"
"4","3727"
"1","3732"
"3","3732"
"1","3733"
"4","3735"
"5","3738"
"4","3740"
"7","3750"
"4","3753"
"4","3756"
"4","3759"
"4","3761"
"1","3763"
"8","3765"
"4","3767"
"3","3769"
"3","3770"
"4","3772"
"4","3773"
"3","3776"
"4","3777"
"5","3778"
"1","3782"
"3","3782"
"4","3784"
"8","3787"
"1","3789"
"4","3791"
"5","3793"
"1","3795"
"3","3795"
"4","3796"
"7","3797"
"8","3798"
"4","3799"
"4","3815"
"1","3819"
"4","3820"
"1","3823"
"3","3823"
"4","3828"
"3","3829"
"7","3830"
"4","3831"
"1","3832"
"3","3832"
"4","3841"
"3","3842"
"4","3844"
"1","3847"
"3","3849"
"1","3851"
"3","3851"
"4","3853"
"3","3854"
"4","3858"
"4","3865"
"1","3866"
"3","3866"
"4","3872"
"1","3880"
"4","3881"
"1","3883"
"3","3883"
"4","3886"
"4","3892"
"4","3900"
"4","3901"
"7","3905"
"4","3912"
"3","3921"
"6","3926"
"4","3931"
"4","3938"
"1","3956"
"3","3956"
"1","3965"
"1","3971"
"4","3973"
"4","3978"
"5","3984"
"3","3986"
"4","3988"
"4","3992"
"4","3993"
"4","3996"
"8","3997"
"6","4002"
"4","4007"
"4","4014"
"4","4018"
"4","4019"
"5","4022"
"4","4024"
"4","4028"
"3","4029"
"4","4030"
"4","4037"
"4","4040"
"4","4041"
"3","4043"
"4","4044"
"4","4046"
"4","4048"
"4","4049"
"4","4052"
"4","4057"
"4","4060"
"5","4062"
"4","4067"
"4","4070"
"4","4072"
"1","4078"
"1","4082"
"4","4091"
"4","4092"
"4","4095"
"4","4097"
"3","4099"
"4","4101"
"4","4106"
"4","4111"
"5","4114"
"4","4116"
"1","4132"
"1","4134"
"4","4135"
"1","4136"
"3","4137"
"4","4138"
"4","4139"
"8","4140"
"4","4141"
"1","4145"
"4","4147"
"1","4151"
"1","4154"
"4","4160"
"4","4165"
"6","4167"
"4","4168"
"4","4170"
"4","4172"
"4","4173"
"4","4174"
"4","4177"
"5","4180"
"3","4183"
"1","4188"
"6","4190"
"4","4193"
"5","4197"
"4","4199"
"4","4201"
"4","4205"
"4","4210"
"4","4213"
"3","4216"
"4","4219"
"4","4222"
"4","4224"
"4","4226"
"4","4234"
"4","4239"
"4","4240"
"5","4243"
"4","4245"
"4","4248"
"8","4249"
"4","4253"
"4","4256"
"4","4257"
"4","4259"
"4","4262"
"4","4264"
"4","4265"
"4","4266"
"4","4268"
"4","4269"
"4","4272"
"4","4273"
"5","4275"
"5","4278"
"4","4280"
"4","4282"
"4","4287"
"4","4288"
"4","4293"
"4","4299"
"1","4301"
"4","4306"
"4","4308"
"5","4309"
"4","4313"
"4","4315"
"3","4316"
"4","4318"
"4","4319"
"5","4320"
"4","4321"
"4","4322"
"4","4323"
"4","4325"
"4","4326"
"4","4334"
"5","4342"
"7","4346"
"4","4349"
"4","4353"
"4","4354"
"4","4359"
"4","4362"
"3","4363"
"5","4368"
"4","4372"
"1","4375"
"4","4380"
"4","4382"
"4","4390"
"4","4397"
"4","4399"
"4","4403"
"4","4408"
"4","4409"
"4","4410"
"4","4411"
"4","4413"
"4","4416"
"4","4426"
"4","4431"
"5","4432"
"4","4436"
"4","4437"
"4","4442"
"4","4448"
"4","4457"
"4","4458"
"4","4459"
"4","4461"
"4","4462"
"4","4465"
"4","4478"
"4","4481"
"1","4483"
"4","4487"
"1","4491"
"4","4493"
"6","4495"
"6","4497"
"4","4501"
"4","4510"
"5","4512"
"5","4518"
"3","4524"
"4","4527"
"4","4528"
"1","4533"
"4","4543"
"4","4545"
"4","4547"
"4","4552"
"4","4554"
"4","4563"
"4","4567"
"4","4569"
"4","4570"
"4","4572"
"4","4573"
"4","4574"
"4","4598"
"4","4601"
"4","4607"
"4","4608"
"4","4611"
"5","4612"
"4","4615"
"4","4616"
"4","4619"
"4","4620"
"1","4624"
"3","4624"
"4","4628"
"4","4629"
"4","4630"
"4","4632"
"4","4635"
"3","4641"
"8","4647"
"4","4656"
"1","4661"
"8","4662"
"7","4663"
"4","4666"
"4","4669"
"3","4672"
"3","4675"
"4","4676"
"4","4681"
"3","4682"
"5","4683"
"5","4689"
"4","4691"
"4","4693"
"4","4694"
"4","4695"
"4","4698"
"4","4699"
"1","4700"
"3","4703"
"4","4705"
"3","4709"
"4","4711"
"1","4713"
"6","4713"
"1","4717"
"3","4717"
"4","4719"
"4","4720"
"1","4723"
"4","4724"
"4","4739"
"4","4740"
"4","4746"
"4","4747"
"4","4751"
"4","4753"
"4","4760"
"4","4763"
"3","4769"
